{
  "n_finalists": 232,
  "model_1_no_FE": {
    "intercept": 6.594634283807212,
    "jury_z": 0.040768117303976906,
    "tele_z": 0.3129333796814707,
    "year_z": 0.10512824920028022,
    "r2": 0.5285013565671175,
    "tele_jury_ratio": 7.6759340478777585,
    "ci": {
      "jury_lo": -0.01483149647640688,
      "jury_hi": 0.09090387214564716,
      "tele_lo": 0.26364447284545833,
      "tele_hi": 0.36523456745480337
    }
  },
  "model_2_with_FE": {
    "intercept": 6.160079703029706,
    "jury_z": 0.033746043787816704,
    "tele_z": 0.3434936968855671,
    "year_z": 0.11124919039060537,
    "r2": 0.6496393550449948,
    "tele_jury_ratio": 10.178784187128276,
    "n_country_dummies": 42,
    "ci": {
      "jury_lo": -0.035535979480414204,
      "jury_hi": 0.09431158419763021,
      "tele_lo": 0.28221298132755035,
      "tele_hi": 0.42265782528452056
    }
  }
}